pred,label,loss
"tensor([ 13, 198], device='cuda:0')","tensor([4101,   13], device='cuda:0')",1.260986089706421
"tensor([ 13, 198], device='cuda:0')","tensor([352,  13], device='cuda:0')",1.260986089706421
"tensor([ 13, 198], device='cuda:0')","tensor([4353,   13], device='cuda:0')",1.260986089706421
"tensor([ 13, 198], device='cuda:0')","tensor([362,  13], device='cuda:0')",1.260986089706421
"tensor([ 13, 198], device='cuda:0')","tensor([352,  13], device='cuda:0')",1.260986089706421
"tensor([ 13, 198], device='cuda:0')","tensor([362,  13], device='cuda:0')",1.260986089706421
"tensor([ 13, 198], device='cuda:0')","tensor([513,  13], device='cuda:0')",1.260986089706421
"tensor([ 13, 198], device='cuda:0')","tensor([718,  13], device='cuda:0')",1.260986089706421
"tensor([ 13, 198], device='cuda:0')","tensor([352,  13], device='cuda:0')",2.1052236557006836
"tensor([ 13, 198], device='cuda:0')","tensor([642,  13], device='cuda:0')",2.1052236557006836
"tensor([ 13, 198], device='cuda:0')","tensor([352,  13], device='cuda:0')",2.1052236557006836
"tensor([ 13, 198], device='cuda:0')","tensor([2026,   13], device='cuda:0')",2.1052236557006836
"tensor([ 13, 198], device='cuda:0')","tensor([718,  13], device='cuda:0')",2.1052236557006836
"tensor([ 13, 198], device='cuda:0')","tensor([4153,   13], device='cuda:0')",2.1052236557006836
"tensor([ 13, 198], device='cuda:0')","tensor([1315,   13], device='cuda:0')",2.1052236557006836
"tensor([ 13, 198], device='cuda:0')","tensor([860,  13], device='cuda:0')",2.1052236557006836
"tensor([ 13, 198], device='cuda:0')","tensor([352,  13], device='cuda:0')",1.626970648765564
"tensor([ 13, 198], device='cuda:0')","tensor([5125,   13], device='cuda:0')",1.626970648765564
"tensor([ 13, 198], device='cuda:0')","tensor([604,  13], device='cuda:0')",1.626970648765564
"tensor([ 13, 198], device='cuda:0')","tensor([767,  13], device='cuda:0')",1.626970648765564
"tensor([ 13, 198], device='cuda:0')","tensor([513,  13], device='cuda:0')",1.626970648765564
"tensor([ 13, 198], device='cuda:0')","tensor([1105,   13], device='cuda:0')",1.626970648765564
"tensor([ 13, 198], device='cuda:0')","tensor([1596,   13], device='cuda:0')",1.626970648765564
"tensor([ 13, 198], device='cuda:0')","tensor([513,  13], device='cuda:0')",1.626970648765564
"tensor([ 13, 198], device='cuda:0')","tensor([3261,   13], device='cuda:0')",2.004171848297119
"tensor([ 13, 198], device='cuda:0')","tensor([2579,   13], device='cuda:0')",2.004171848297119
"tensor([ 13, 198], device='cuda:0')","tensor([807,  13], device='cuda:0')",2.004171848297119
"tensor([ 13, 198], device='cuda:0')","tensor([1315,   13], device='cuda:0')",2.004171848297119
"tensor([ 13, 198], device='cuda:0')","tensor([7618,   13], device='cuda:0')",2.004171848297119
"tensor([ 13, 198], device='cuda:0')","tensor([6298,   13], device='cuda:0')",2.004171848297119
"tensor([ 13, 198], device='cuda:0')","tensor([6073,   13], device='cuda:0')",2.004171848297119
"tensor([ 13, 198], device='cuda:0')","tensor([362,  13], device='cuda:0')",2.004171848297119
"tensor([ 13, 198], device='cuda:0')","tensor([807,  13], device='cuda:0')",1.9058476686477661
"tensor([ 13, 198], device='cuda:0')","tensor([657,  13], device='cuda:0')",1.9058476686477661
"tensor([ 13, 198], device='cuda:0')","tensor([513,  13], device='cuda:0')",1.9058476686477661
"tensor([ 13, 198], device='cuda:0')","tensor([1511,   13], device='cuda:0')",1.9058476686477661
"tensor([ 13, 198], device='cuda:0')","tensor([352,  13], device='cuda:0')",1.9058476686477661
"tensor([ 13, 198], device='cuda:0')","tensor([1987,   13], device='cuda:0')",1.9058476686477661
"tensor([ 13, 198], device='cuda:0')","tensor([1511,   13], device='cuda:0')",1.9058476686477661
"tensor([ 13, 198], device='cuda:0')","tensor([2534,   13], device='cuda:0')",1.9058476686477661
"tensor([ 13, 198], device='cuda:0')","tensor([718,  13], device='cuda:0')",1.7262356281280518
"tensor([ 13, 198], device='cuda:0')","tensor([1467,   13], device='cuda:0')",1.7262356281280518
"tensor([ 13, 198], device='cuda:0')","tensor([5433,   13], device='cuda:0')",1.7262356281280518
"tensor([ 13, 198], device='cuda:0')","tensor([7265,   13], device='cuda:0')",1.7262356281280518
"tensor([ 13, 198], device='cuda:0')","tensor([642,  13], device='cuda:0')",1.7262356281280518
"tensor([ 13, 198], device='cuda:0')","tensor([1367,   13], device='cuda:0')",1.7262356281280518
"tensor([ 13, 198], device='cuda:0')","tensor([352,  13], device='cuda:0')",1.7262356281280518
"tensor([ 13, 198], device='cuda:0')","tensor([9193,   13], device='cuda:0')",1.7262356281280518
"tensor([ 13, 198], device='cuda:0')","tensor([6135,   13], device='cuda:0')",2.229262590408325
"tensor([ 13, 198], device='cuda:0')","tensor([1478,   13], device='cuda:0')",2.229262590408325
"tensor([ 13, 198], device='cuda:0')","tensor([1467,   13], device='cuda:0')",2.229262590408325
"tensor([ 13, 198], device='cuda:0')","tensor([513,  13], device='cuda:0')",2.229262590408325
"tensor([ 13, 198], device='cuda:0')","tensor([860,  13], device='cuda:0')",2.229262590408325
"tensor([ 13, 198], device='cuda:0')","tensor([838,  13], device='cuda:0')",2.229262590408325
"tensor([ 13, 198], device='cuda:0')","tensor([9415,   13], device='cuda:0')",2.229262590408325
"tensor([ 13, 198], device='cuda:0')","tensor([860,  13], device='cuda:0')",2.229262590408325
"tensor([ 13, 198], device='cuda:0')","tensor([1105,   13], device='cuda:0')",1.9047272205352783
"tensor([ 13, 198], device='cuda:0')","tensor([4570,   13], device='cuda:0')",1.9047272205352783
"tensor([ 13, 198], device='cuda:0')","tensor([513,  13], device='cuda:0')",1.9047272205352783
"tensor([ 13, 198], device='cuda:0')","tensor([9919,   13], device='cuda:0')",1.9047272205352783
"tensor([ 13, 198], device='cuda:0')","tensor([6740,   13], device='cuda:0')",1.9047272205352783
"tensor([ 13, 198], device='cuda:0')","tensor([767,  13], device='cuda:0')",1.9047272205352783
"tensor([ 13, 198], device='cuda:0')","tensor([352,  13], device='cuda:0')",1.9047272205352783
"tensor([ 13, 198], device='cuda:0')","tensor([362,  13], device='cuda:0')",1.9047272205352783
"tensor([ 13, 198], device='cuda:0')","tensor([718,  13], device='cuda:0')",1.434181571006775
"tensor([ 13, 198], device='cuda:0')","tensor([1542,   13], device='cuda:0')",1.434181571006775
"tensor([ 13, 198], device='cuda:0')","tensor([1679,   13], device='cuda:0')",1.434181571006775
"tensor([ 13, 198], device='cuda:0')","tensor([362,  13], device='cuda:0')",1.434181571006775
"tensor([ 13, 198], device='cuda:0')","tensor([513,  13], device='cuda:0')",1.434181571006775
"tensor([ 13, 198], device='cuda:0')","tensor([362,  13], device='cuda:0')",1.434181571006775
"tensor([ 13, 198], device='cuda:0')","tensor([1478,   13], device='cuda:0')",1.434181571006775
"tensor([ 13, 198], device='cuda:0')","tensor([1596,   13], device='cuda:0')",1.434181571006775
"tensor([ 13, 198], device='cuda:0')","tensor([1105,   13], device='cuda:0')",2.1340255737304688
"tensor([ 13, 198], device='cuda:0')","tensor([362,  13], device='cuda:0')",2.1340255737304688
"tensor([ 13, 198], device='cuda:0')","tensor([8190,   13], device='cuda:0')",2.1340255737304688
"tensor([ 13, 198], device='cuda:0')","tensor([4153,   13], device='cuda:0')",2.1340255737304688
"tensor([ 13, 198], device='cuda:0')","tensor([838,  13], device='cuda:0')",2.1340255737304688
"tensor([ 13, 198], device='cuda:0')","tensor([352,  13], device='cuda:0')",2.1340255737304688
"tensor([ 13, 198], device='cuda:0')","tensor([2808,   13], device='cuda:0')",2.1340255737304688
"tensor([ 13, 198], device='cuda:0')","tensor([6298,   13], device='cuda:0')",2.1340255737304688
"tensor([ 13, 198], device='cuda:0')","tensor([6740,   13], device='cuda:0')",2.0779683589935303
"tensor([ 13, 198], device='cuda:0')","tensor([807,  13], device='cuda:0')",2.0779683589935303
"tensor([ 13, 198], device='cuda:0')","tensor([1679,   13], device='cuda:0')",2.0779683589935303
"tensor([ 13, 198], device='cuda:0')","tensor([860,  13], device='cuda:0')",2.0779683589935303
"tensor([ 13, 198], device='cuda:0')","tensor([5014,   13], device='cuda:0')",2.0779683589935303
"tensor([ 13, 198], device='cuda:0')","tensor([604,  13], device='cuda:0')",2.0779683589935303
"tensor([ 13, 198], device='cuda:0')","tensor([2579,   13], device='cuda:0')",2.0779683589935303
"tensor([ 13, 198], device='cuda:0')","tensor([807,  13], device='cuda:0')",2.0779683589935303
"tensor([ 13, 198], device='cuda:0')","tensor([8915,   13], device='cuda:0')",1.9652822017669678
"tensor([ 13, 198], device='cuda:0')","tensor([513,  13], device='cuda:0')",1.9652822017669678
"tensor([ 13, 198], device='cuda:0')","tensor([767,  13], device='cuda:0')",1.9652822017669678
"tensor([ 13, 198], device='cuda:0')","tensor([362,  13], device='cuda:0')",1.9652822017669678
"tensor([ 13, 198], device='cuda:0')","tensor([3261,   13], device='cuda:0')",1.9652822017669678
"tensor([ 13, 198], device='cuda:0')","tensor([718,  13], device='cuda:0')",1.9652822017669678
"tensor([ 13, 198], device='cuda:0')","tensor([838,  13], device='cuda:0')",1.9652822017669678
"tensor([ 13, 198], device='cuda:0')","tensor([1105,   13], device='cuda:0')",1.9652822017669678
"tensor([ 13, 198], device='cuda:0')","tensor([1467,   13], device='cuda:0')",2.0714402198791504
"tensor([ 13, 198], device='cuda:0')","tensor([3261,   13], device='cuda:0')",2.0714402198791504
"tensor([ 13, 198], device='cuda:0')","tensor([2310,   13], device='cuda:0')",2.0714402198791504
"tensor([ 13, 198], device='cuda:0')","tensor([807,  13], device='cuda:0')",2.0714402198791504
"tensor([ 13, 198], device='cuda:0')","tensor([5946,   13], device='cuda:0')",2.0714402198791504
"tensor([ 13, 198], device='cuda:0')","tensor([767,  13], device='cuda:0')",2.0714402198791504
"tensor([ 13, 198], device='cuda:0')","tensor([352,  13], device='cuda:0')",2.0714402198791504
"tensor([ 13, 198], device='cuda:0')","tensor([2579,   13], device='cuda:0')",2.0714402198791504
"tensor([ 13, 198], device='cuda:0')","tensor([642,  13], device='cuda:0')",1.6389482021331787
"tensor([ 13, 198], device='cuda:0')","tensor([9919,   13], device='cuda:0')",1.6389482021331787
"tensor([ 13, 198], device='cuda:0')","tensor([4153,   13], device='cuda:0')",1.6389482021331787
"tensor([ 13, 198], device='cuda:0')","tensor([1679,   13], device='cuda:0')",1.6389482021331787
"tensor([ 13, 198], device='cuda:0')","tensor([513,  13], device='cuda:0')",1.6389482021331787
"tensor([ 13, 198], device='cuda:0')","tensor([718,  13], device='cuda:0')",1.6389482021331787
"tensor([ 13, 198], device='cuda:0')","tensor([352,  13], device='cuda:0')",1.6389482021331787
"tensor([ 13, 198], device='cuda:0')","tensor([604,  13], device='cuda:0')",1.6389482021331787
"tensor([ 13, 198], device='cuda:0')","tensor([604,  13], device='cuda:0')",1.9356660842895508
"tensor([ 13, 198], device='cuda:0')","tensor([2608,   13], device='cuda:0')",1.9356660842895508
"tensor([ 13, 198], device='cuda:0')","tensor([362,  13], device='cuda:0')",1.9356660842895508
"tensor([ 13, 198], device='cuda:0')","tensor([807,  13], device='cuda:0')",1.9356660842895508
"tensor([ 13, 198], device='cuda:0')","tensor([6073,   13], device='cuda:0')",1.9356660842895508
"tensor([ 13, 198], device='cuda:0')","tensor([860,  13], device='cuda:0')",1.9356660842895508
"tensor([ 13, 198], device='cuda:0')","tensor([718,  13], device='cuda:0')",1.9356660842895508
"tensor([ 13, 198], device='cuda:0')","tensor([4747,   13], device='cuda:0')",1.9356660842895508
"tensor([ 13, 198], device='cuda:0')","tensor([1987,   13], device='cuda:0')",2.442552089691162
"tensor([ 13, 198], device='cuda:0')","tensor([2534,   13], device='cuda:0')",2.442552089691162
"tensor([ 13, 198], device='cuda:0')","tensor([3933,   13], device='cuda:0')",2.442552089691162
"tensor([ 13, 198], device='cuda:0')","tensor([767,  13], device='cuda:0')",2.442552089691162
"tensor([ 13, 198], device='cuda:0')","tensor([10190,    13], device='cuda:0')",2.442552089691162
"tensor([ 13, 198], device='cuda:0')","tensor([1160,   13], device='cuda:0')",2.442552089691162
"tensor([ 13, 198], device='cuda:0')","tensor([767,  13], device='cuda:0')",2.442552089691162
"tensor([ 13, 198], device='cuda:0')","tensor([1367,   13], device='cuda:0')",2.442552089691162
"tensor([ 13, 198], device='cuda:0')","tensor([1367,   13], device='cuda:0')",1.7918896675109863
"tensor([ 13, 198], device='cuda:0')","tensor([362,  13], device='cuda:0')",1.7918896675109863
"tensor([ 13, 198], device='cuda:0')","tensor([2242,   13], device='cuda:0')",1.7918896675109863
"tensor([ 13, 198], device='cuda:0')","tensor([362,  13], device='cuda:0')",1.7918896675109863
"tensor([ 13, 198], device='cuda:0')","tensor([2579,   13], device='cuda:0')",1.7918896675109863
"tensor([ 13, 198], device='cuda:0')","tensor([362,  13], device='cuda:0')",1.7918896675109863
"tensor([ 13, 198], device='cuda:0')","tensor([513,  13], device='cuda:0')",1.7918896675109863
"tensor([ 13, 198], device='cuda:0')","tensor([642,  13], device='cuda:0')",1.7918896675109863
"tensor([ 13, 198], device='cuda:0')","tensor([678,  13], device='cuda:0')",2.06803035736084
"tensor([ 13, 198], device='cuda:0')","tensor([807,  13], device='cuda:0')",2.06803035736084
"tensor([ 13, 198], device='cuda:0')","tensor([362,  13], device='cuda:0')",2.06803035736084
"tensor([ 13, 198], device='cuda:0')","tensor([1987,   13], device='cuda:0')",2.06803035736084
"tensor([ 13, 198], device='cuda:0')","tensor([6298,   13], device='cuda:0')",2.06803035736084
"tensor([ 13, 198], device='cuda:0')","tensor([2242,   13], device='cuda:0')",2.06803035736084
"tensor([ 13, 198], device='cuda:0')","tensor([767,  13], device='cuda:0')",2.06803035736084
"tensor([ 13, 198], device='cuda:0')","tensor([352,  13], device='cuda:0')",2.06803035736084
"tensor([ 13, 198], device='cuda:0')","tensor([352,  13], device='cuda:0')",1.8314560651779175
"tensor([ 13, 198], device='cuda:0')","tensor([1478,   13], device='cuda:0')",1.8314560651779175
"tensor([ 13, 198], device='cuda:0')","tensor([767,  13], device='cuda:0')",1.8314560651779175
"tensor([ 13, 198], device='cuda:0')","tensor([352,  13], device='cuda:0')",1.8314560651779175
"tensor([13, 20], device='cuda:0')","tensor([718,  13], device='cuda:0')",1.8314560651779175
"tensor([ 13, 198], device='cuda:0')","tensor([8454,   13], device='cuda:0')",1.8314560651779175
"tensor([ 13, 198], device='cuda:0')","tensor([807,  13], device='cuda:0')",1.8314560651779175
"tensor([ 13, 198], device='cuda:0')","tensor([4570,   13], device='cuda:0')",1.8314560651779175
"tensor([ 13, 198], device='cuda:0')","tensor([604,  13], device='cuda:0')",1.134049892425537
"tensor([ 13, 198], device='cuda:0')","tensor([362,  13], device='cuda:0')",1.134049892425537
"tensor([ 13, 198], device='cuda:0')","tensor([362,  13], device='cuda:0')",1.134049892425537
"tensor([ 13, 198], device='cuda:0')","tensor([352,  13], device='cuda:0')",1.134049892425537
"tensor([ 13, 198], device='cuda:0')","tensor([604,  13], device='cuda:0')",1.134049892425537
"tensor([ 13, 198], device='cuda:0')","tensor([718,  13], device='cuda:0')",1.134049892425537
"tensor([ 13, 198], device='cuda:0')","tensor([362,  13], device='cuda:0')",1.134049892425537
"tensor([ 13, 198], device='cuda:0')","tensor([2310,   13], device='cuda:0')",1.134049892425537
"tensor([ 13, 198], device='cuda:0')","tensor([6337,   13], device='cuda:0')",1.7935762405395508
"tensor([ 13, 198], device='cuda:0')","tensor([352,  13], device='cuda:0')",1.7935762405395508
"tensor([ 13, 198], device='cuda:0')","tensor([1478,   13], device='cuda:0')",1.7935762405395508
"tensor([ 13, 198], device='cuda:0')","tensor([362,  13], device='cuda:0')",1.7935762405395508
"tensor([ 13, 198], device='cuda:0')","tensor([718,  13], device='cuda:0')",1.7935762405395508
"tensor([ 13, 198], device='cuda:0')","tensor([6337,   13], device='cuda:0')",1.7935762405395508
"tensor([ 13, 198], device='cuda:0')","tensor([7192,   13], device='cuda:0')",1.7935762405395508
"tensor([ 13, 198], device='cuda:0')","tensor([362,  13], device='cuda:0')",1.7935762405395508
"tensor([ 13, 198], device='cuda:0')","tensor([8093,   13], device='cuda:0')",1.6640650033950806
"tensor([ 13, 198], device='cuda:0')","tensor([642,  13], device='cuda:0')",1.6640650033950806
"tensor([ 13, 198], device='cuda:0')","tensor([2534,   13], device='cuda:0')",1.6640650033950806
"tensor([ 13, 198], device='cuda:0')","tensor([1478,   13], device='cuda:0')",1.6640650033950806
"tensor([ 13, 198], device='cuda:0')","tensor([767,  13], device='cuda:0')",1.6640650033950806
"tensor([ 13, 198], device='cuda:0')","tensor([767,  13], device='cuda:0')",1.6640650033950806
"tensor([ 13, 198], device='cuda:0')","tensor([1511,   13], device='cuda:0')",1.6640650033950806
